,causal_model_name,model_t,model_y,est_ate,true_ate,mu_risk,tao_risk,run_time,data
0,SLearner,,GradientBoostingRegressor,0.0204584050176378,-0.0252002670226969,,0.0020847143324868,4.76957631111145,twin
1,SLearner,,GradientBoostingRegressor,0.0204584050176379,-0.0252002670226969,,0.0020847143324868,4.773075819015503,twin
2,SLearner,,GradientBoostingRegressor,0.0204584050176379,-0.0252002670226969,,0.0020847143324868,4.766187906265259,twin
3,SLearner,,GradientBoostingRegressor,0.0204584050176378,-0.0252002670226969,,0.0020847143324868,4.763343095779419,twin
4,SLearner,,GradientBoostingRegressor,0.0204584050176378,-0.0252002670226969,,0.0020847143324868,4.774444341659546,twin
5,SLearner,,GradientBoostingRegressor,0.0204584050176378,-0.0252002670226969,,0.0020847143324868,4.751087188720703,twin
6,SLearner,,GradientBoostingRegressor,0.0204584050176378,-0.0252002670226969,,0.0020847143324868,4.733788967132568,twin
7,SLearner,,RandomForestRegressor,0.0164990821094793,-0.0252002670226969,,0.0017388357180471,16.983389139175415,twin
8,SLearner,,RandomForestRegressor,0.015624582777036,-0.0252002670226969,,0.0016666683611707,16.86433434486389,twin
9,SLearner,,RandomForestRegressor,0.0161607142857142,-0.0252002670226969,,0.0017107307747947,16.941526412963867,twin
10,SLearner,,RandomForestRegressor,0.0154234813084112,-0.0252002670226969,,0.0016502889284692,17.034292936325073,twin
11,SLearner,,RandomForestRegressor,0.015997997329773,-0.0252002670226969,,0.0016972969856559,16.877821922302246,twin
12,SLearner,,RandomForestRegressor,0.0164269025367156,-0.0252002670226969,,0.001732821245528,17.02608561515808,twin
13,SLearner,,RandomForestRegressor,0.0160105140186915,-0.0252002670226969,,0.0016983284740412,16.937182188034058,twin
14,SLearner,,LinearRegression,0.0640564397753319,-0.0252002670226969,,0.0079667597084292,0.1249670982360839,twin
15,SLearner,,LinearRegression,0.0640564397753319,-0.0252002670226969,,0.0079667597084292,0.1059470176696777,twin
16,SLearner,,LinearRegression,0.0640564397753319,-0.0252002670226969,,0.0079667597084292,0.0898268222808837,twin
17,SLearner,,LinearRegression,0.0640564397753319,-0.0252002670226969,,0.0079667597084292,0.0951886177062988,twin
18,SLearner,,LinearRegression,0.0640564397753319,-0.0252002670226969,,0.0079667597084292,0.0994312763214111,twin
19,SLearner,,LinearRegression,0.0640564397753319,-0.0252002670226969,,0.0079667597084292,0.106450080871582,twin
20,SLearner,,LinearRegression,0.0640564397753319,-0.0252002670226969,,0.0079667597084292,0.10494065284729,twin
21,SLearner,,ElasticNet,0.0,-0.0252002670226969,,0.0006350534580152,0.0439355373382568,twin
22,SLearner,,ElasticNet,0.0,-0.0252002670226969,,0.0006350534580152,0.0310730934143066,twin
23,SLearner,,ElasticNet,0.0,-0.0252002670226969,,0.0006350534580152,0.0310430526733398,twin
24,SLearner,,ElasticNet,0.0,-0.0252002670226969,,0.0006350534580152,0.0311243534088134,twin
25,SLearner,,ElasticNet,0.0,-0.0252002670226969,,0.0006350534580152,0.0221724510192871,twin
26,SLearner,,ElasticNet,0.0,-0.0252002670226969,,0.0006350534580152,0.0281388759613037,twin
27,SLearner,,ElasticNet,0.0,-0.0252002670226969,,0.0006350534580152,0.0220866203308105,twin
28,SLearner,,ElasticNetCV,0.0549539490007376,-0.0252002670226969,,0.0064246983463314,0.767876148223877,twin
29,SLearner,,ElasticNetCV,0.0549539490007376,-0.0252002670226969,,0.0064246983463314,0.7363541126251221,twin
30,SLearner,,ElasticNetCV,0.0549539490007376,-0.0252002670226969,,0.0064246983463314,0.7265543937683105,twin
31,SLearner,,ElasticNetCV,0.0549539490007376,-0.0252002670226969,,0.0064246983463314,0.7265877723693848,twin
32,SLearner,,ElasticNetCV,0.0549539490007376,-0.0252002670226969,,0.0064246983463314,0.7521069049835205,twin
33,SLearner,,ElasticNetCV,0.0549539490007376,-0.0252002670226969,,0.0064246983463314,0.7545905113220215,twin
34,SLearner,,ElasticNetCV,0.0549539490007376,-0.0252002670226969,,0.0064246983463314,0.7258315086364746,twin
35,SLearner,,Lasso,0.0,-0.0252002670226969,,0.0006350534580152,0.0194785594940185,twin
36,SLearner,,Lasso,0.0,-0.0252002670226969,,0.0006350534580152,0.0357096195220947,twin
37,SLearner,,Lasso,0.0,-0.0252002670226969,,0.0006350534580152,0.0356898307800293,twin
38,SLearner,,Lasso,0.0,-0.0252002670226969,,0.0006350534580152,0.0194594860076904,twin
39,SLearner,,Lasso,0.0,-0.0252002670226969,,0.0006350534580152,0.039137840270996,twin
40,SLearner,,Lasso,0.0,-0.0252002670226969,,0.0006350534580152,0.0219793319702148,twin
41,SLearner,,Lasso,0.0,-0.0252002670226969,,0.0006350534580152,0.0195100307464599,twin
42,SLearner,,LassoLars,0.0,-0.0252002670226969,,0.0006350534580152,0.0279562473297119,twin
43,SLearner,,LassoLars,0.0,-0.0252002670226969,,0.0006350534580152,0.0251171588897705,twin
44,SLearner,,LassoLars,0.0,-0.0252002670226969,,0.0006350534580152,0.0250647068023681,twin
45,SLearner,,LassoLars,0.0,-0.0252002670226969,,0.0006350534580152,0.0251157283782959,twin
46,SLearner,,LassoLars,0.0,-0.0252002670226969,,0.0006350534580152,0.024949312210083,twin
47,SLearner,,LassoLars,0.0,-0.0252002670226969,,0.0006350534580152,0.0250101089477539,twin
48,SLearner,,LassoLars,0.0,-0.0252002670226969,,0.0006350534580152,0.0250546932220459,twin
49,SLearner,,Ridge,0.0634168190975719,-0.0252002670226969,,0.0078529879524471,0.0311310291290283,twin
50,SLearner,,Ridge,0.0634168190975719,-0.0252002670226969,,0.0078529879524471,0.0252213478088378,twin
51,SLearner,,Ridge,0.0634168190975719,-0.0252002670226969,,0.0078529879524471,0.0251832008361816,twin
52,SLearner,,Ridge,0.0634168190975719,-0.0252002670226969,,0.0078529879524471,0.0268561840057373,twin
53,SLearner,,Ridge,0.0634168190975719,-0.0252002670226969,,0.0078529879524471,0.0252072811126709,twin
54,SLearner,,Ridge,0.0634168190975719,-0.0252002670226969,,0.0078529879524471,0.0251932144165039,twin
55,SLearner,,Ridge,0.0634168190975719,-0.0252002670226969,,0.0078529879524471,0.0252087116241455,twin
56,SLearner,,MLPRegressor,0.031712868447913,-0.0252002670226969,,0.003239104989096,14.125273942947388,twin
57,SLearner,,MLPRegressor,0.027963304136729,-0.0252002670226969,,0.0028263652984233,13.703736305236816,twin
58,SLearner,,MLPRegressor,0.0278122455021064,-0.0252002670226969,,0.0028103264841924,14.401181936264038,twin
59,SLearner,,MLPRegressor,0.0153964796933236,-0.0252002670226969,,0.0016480958439247,16.40273427963257,twin
60,SLearner,,MLPRegressor,0.0128312476074836,-0.0252002670226969,,0.0014463961050656,14.59029221534729,twin
61,SLearner,,MLPRegressor,0.0270120728996841,-0.0252002670226969,,0.0027261284401702,13.258402109146118,twin
62,SLearner,,MLPRegressor,0.030997557353273,-0.0252002670226969,,0.0031581954645923,14.246657609939575,twin
63,SLearner,,DecisionTreeRegressor,0.0210697596795727,-0.0252002670226969,,0.0021409153710287,0.3167853355407715,twin
64,SLearner,,DecisionTreeRegressor,0.0221545393858477,-0.0252002670226969,,0.0022424776899907,0.2724552154541015,twin
65,SLearner,,DecisionTreeRegressor,0.0199015353805073,-0.0252002670226969,,0.0020341725800176,0.2708055973052978,twin
66,SLearner,,DecisionTreeRegressor,0.0189419225634178,-0.0252002670226969,,0.0019485329014565,0.2723991870880127,twin
67,SLearner,,DecisionTreeRegressor,0.0216955941255006,-0.0252002670226969,,0.002199221792831,0.269336462020874,twin
68,SLearner,,DecisionTreeRegressor,0.0187750333778371,-0.0252002670226969,,0.0019338270453172,0.2695848941802978,twin
69,SLearner,,DecisionTreeRegressor,0.0196512016021361,-0.0252002670226969,,0.0020116542378043,0.2696919441223144,twin
70,TLearner,,GradientBoostingRegressor,0.0257921500426228,-0.0252002670226969,,0.0026002265981635,5.246820449829102,twin
71,TLearner,,GradientBoostingRegressor,0.0257791354682253,-0.0252002670226969,,0.0025988994783314,5.225321292877197,twin
72,TLearner,,GradientBoostingRegressor,0.0257783024590239,-0.0252002670226969,,0.0025988145464026,5.255143642425537,twin
73,TLearner,,GradientBoostingRegressor,0.0257779723567297,-0.0252002670226969,,0.0025987808902261,5.216314792633057,twin
74,TLearner,,GradientBoostingRegressor,0.0257776514510268,-0.0252002670226969,,0.0025987481719136,5.206167936325073,twin
75,TLearner,,GradientBoostingRegressor,0.0257840417984875,-0.0252002670226969,,0.0025993997459739,5.2044596672058105,twin
76,TLearner,,GradientBoostingRegressor,0.0257899815554021,-0.0252002670226969,,0.0026000054500563,5.21000862121582,twin
77,TLearner,,RandomForestRegressor,0.0249274032042723,-0.0252002670226969,,0.0025127833223837,15.663923501968384,twin
78,TLearner,,RandomForestRegressor,0.0248264352469959,-0.0252002670226969,,0.0025026709399804,15.675025224685667,twin
79,TLearner,,RandomForestRegressor,0.0254894025367156,-0.0252002670226969,,0.0025694426000424,15.7782461643219,twin
80,TLearner,,RandomForestRegressor,0.0257639352469959,-0.0252002670226969,,0.0025973499129861,15.71759796142578,twin
81,TLearner,,RandomForestRegressor,0.0245861148197596,-0.0252002670226969,,0.0024786838169628,15.66686987876892,twin
82,TLearner,,RandomForestRegressor,0.0243900200267022,-0.0252002670226969,,0.0024591965696418,15.62967848777771,twin
83,TLearner,,RandomForestRegressor,0.0257847963951935,-0.0252002670226969,,0.0025994766917263,15.546261548995972,twin
84,TLearner,,LinearRegression,0.0635559833718367,-0.0252002670226969,,0.0078776719840971,0.0748190879821777,twin
85,TLearner,,LinearRegression,0.0635559833718367,-0.0252002670226969,,0.0078776719840971,0.1246123313903808,twin
86,TLearner,,LinearRegression,0.0635559833718367,-0.0252002670226969,,0.0078776719840971,0.0886144638061523,twin
87,TLearner,,LinearRegression,0.0635559833718367,-0.0252002670226969,,0.0078776719840971,0.1120979785919189,twin
88,TLearner,,LinearRegression,0.0635559833718367,-0.0252002670226969,,0.0078776719840971,0.0884160995483398,twin
89,TLearner,,LinearRegression,0.0635559833718367,-0.0252002670226969,,0.0078776719840971,0.1258742809295654,twin
90,TLearner,,LinearRegression,0.0635559833718367,-0.0252002670226969,,0.0078776719840971,0.0876564979553222,twin
91,TLearner,,ElasticNet,-0.0252002670226969,-0.0252002670226969,,0.0,0.0291261672973632,twin
92,TLearner,,ElasticNet,-0.0252002670226969,-0.0252002670226969,,0.0,0.0278992652893066,twin
93,TLearner,,ElasticNet,-0.0252002670226969,-0.0252002670226969,,0.0,0.0575668811798095,twin
94,TLearner,,ElasticNet,-0.0252002670226969,-0.0252002670226969,,0.0,0.0547256469726562,twin
95,TLearner,,ElasticNet,-0.0252002670226969,-0.0252002670226969,,0.0,0.0572881698608398,twin
96,TLearner,,ElasticNet,-0.0252002670226969,-0.0252002670226969,,0.0,0.0587382316589355,twin
97,TLearner,,ElasticNet,-0.0252002670226969,-0.0252002670226969,,0.0,0.0577595233917236,twin
98,TLearner,,ElasticNetCV,0.0630888838487767,-0.0252002670226969,,0.0077949741616058,0.542966365814209,twin
99,TLearner,,ElasticNetCV,0.0630888838487767,-0.0252002670226969,,0.0077949741616058,0.6800470352172852,twin
100,TLearner,,ElasticNetCV,0.0630888838487767,-0.0252002670226969,,0.0077949741616058,0.6658904552459717,twin
101,TLearner,,ElasticNetCV,0.0630888838487767,-0.0252002670226969,,0.0077949741616058,0.6655843257904053,twin
102,TLearner,,ElasticNetCV,0.0630888838487767,-0.0252002670226969,,0.0077949741616058,0.668769359588623,twin
103,TLearner,,ElasticNetCV,0.0630888838487767,-0.0252002670226969,,0.0077949741616058,0.5458714962005615,twin
104,TLearner,,ElasticNetCV,0.0630888838487767,-0.0252002670226969,,0.0077949741616058,0.5433492660522461,twin
105,TLearner,,Lasso,-0.0252002670226969,-0.0252002670226969,,0.0,0.0276358127593994,twin
106,TLearner,,Lasso,-0.0252002670226969,-0.0252002670226969,,0.0,0.0290567874908447,twin
107,TLearner,,Lasso,-0.0252002670226969,-0.0252002670226969,,0.0,0.029355764389038,twin
108,TLearner,,Lasso,-0.0252002670226969,-0.0252002670226969,,0.0,0.0277132987976074,twin
109,TLearner,,Lasso,-0.0252002670226969,-0.0252002670226969,,0.0,0.0559310913085937,twin
110,TLearner,,Lasso,-0.0252002670226969,-0.0252002670226969,,0.0,0.0277092456817626,twin
111,TLearner,,Lasso,-0.0252002670226969,-0.0252002670226969,,0.0,0.0551121234893798,twin
112,TLearner,,LassoLars,-0.0252002670226969,-0.0252002670226969,,0.0,0.0530688762664794,twin
113,TLearner,,LassoLars,-0.0252002670226969,-0.0252002670226969,,0.0,0.0343263149261474,twin
114,TLearner,,LassoLars,-0.0252002670226969,-0.0252002670226969,,0.0,0.034433364868164,twin
115,TLearner,,LassoLars,-0.0252002670226969,-0.0252002670226969,,0.0,0.0342457294464111,twin
116,TLearner,,LassoLars,-0.0252002670226969,-0.0252002670226969,,0.0,0.0342271327972412,twin
117,TLearner,,LassoLars,-0.0252002670226969,-0.0252002670226969,,0.0,0.0342259407043457,twin
118,TLearner,,LassoLars,-0.0252002670226969,-0.0252002670226969,,0.0,0.0341694355010986,twin
119,TLearner,,Ridge,0.063542425038932,-0.0252002670226969,,0.0078752653943451,0.0344469547271728,twin
120,TLearner,,Ridge,0.063542425038932,-0.0252002670226969,,0.0078752653943451,0.0344882011413574,twin
121,TLearner,,Ridge,0.063542425038932,-0.0252002670226969,,0.0078752653943451,0.0346124172210693,twin
122,TLearner,,Ridge,0.063542425038932,-0.0252002670226969,,0.0078752653943451,0.0342822074890136,twin
123,TLearner,,Ridge,0.063542425038932,-0.0252002670226969,,0.0078752653943451,0.0344033241271972,twin
124,TLearner,,Ridge,0.063542425038932,-0.0252002670226969,,0.0078752653943451,0.034351110458374,twin
125,TLearner,,Ridge,0.063542425038932,-0.0252002670226969,,0.0078752653943451,0.0342969894409179,twin
126,TLearner,,MLPRegressor,0.0244014178132125,-0.0252002670226969,,0.0024603271385608,14.880839347839355,twin
127,TLearner,,MLPRegressor,0.0626819696324162,-0.0252002670226969,,0.0077232875195053,13.706311702728271,twin
128,TLearner,,MLPRegressor,0.0381185764308155,-0.0252002670226969,,0.0040092759362904,20.44087219238281,twin
129,TLearner,,MLPRegressor,0.0293083982843804,-0.0252002670226969,,0.0029711945935589,20.68397736549377,twin
130,TLearner,,MLPRegressor,0.0234833001560452,-0.0252002670226969,,0.0023700897132471,17.679739952087402,twin
131,TLearner,,MLPRegressor,0.0271323017936217,-0.0252002670226969,,0.0027386977589147,20.238237619400024,twin
132,TLearner,,MLPRegressor,0.0333044389531908,-0.0252002670226969,,0.003422800621325,17.000168085098267,twin
133,TLearner,,DecisionTreeRegressor,0.024365821094793,-0.0252002670226969,,0.0024567970912707,0.3006260395050049,twin
134,TLearner,,DecisionTreeRegressor,0.023281041388518,-0.0252002670226969,,0.0023504372652633,0.2553362846374511,twin
135,TLearner,,DecisionTreeRegressor,0.0238651535380507,-0.0252002670226969,,0.002407415494803,0.2555727958679199,twin
136,TLearner,,DecisionTreeRegressor,0.0242823765020026,-0.0252002670226969,,0.0024485320101924,0.2554323673248291,twin
137,TLearner,,DecisionTreeRegressor,0.0244075433911882,-0.0252002670226969,,0.0024609348540599,0.2550067901611328,twin
138,TLearner,,DecisionTreeRegressor,0.0236565420560747,-0.0252002670226969,,0.0023869877933595,0.2568411827087402,twin
139,TLearner,,DecisionTreeRegressor,0.0251585447263017,-0.0252002670226969,,0.002536009920771,0.2545173168182373,twin
140,XLearner,,GradientBoostingRegressor,0.0254718724774376,-0.0252002670226969,,0.002567665721521,10.680729627609251,twin
141,XLearner,,GradientBoostingRegressor,0.0256200321077105,-0.0252002670226969,,0.002582702803704,10.675013065338137,twin
142,XLearner,,GradientBoostingRegressor,0.0254966605386893,-0.0252002670226969,,0.0025701784641644,10.666454076766968,twin
143,XLearner,,GradientBoostingRegressor,0.0254495618841229,-0.0252002670226969,,0.0025654051682901,10.663570404052734,twin
144,XLearner,,GradientBoostingRegressor,0.0254432988080135,-0.0252002670226969,,0.0025647707600495,10.663569450378418,twin
145,XLearner,,GradientBoostingRegressor,0.0254901189702962,-0.0252002670226969,,0.0025695152321186,10.664400339126589,twin
146,XLearner,,GradientBoostingRegressor,0.0254750086083862,-0.0252002670226969,,0.0025679835602862,10.65721344947815,twin
147,XLearner,,RandomForestRegressor,0.0217350453721963,-0.0252002670226969,,0.0022029235496062,43.72063446044922,twin
148,XLearner,,RandomForestRegressor,0.0203075790647713,-0.0252002670226969,,0.0020709640555207,44.0742347240448,twin
149,XLearner,,RandomForestRegressor,0.0215115645647169,-0.0252002670226969,,0.0021819952102509,44.05935049057007,twin
150,XLearner,,RandomForestRegressor,0.0215582908672531,-0.0252002670226969,,0.0021863627359478,43.60332679748535,twin
151,XLearner,,RandomForestRegressor,0.0212644486633858,-0.0252002670226969,,0.0021589698037885,43.92318916320801,twin
152,XLearner,,RandomForestRegressor,0.021028882378627,-0.0252002670226969,,0.0021371342543699,43.875754594802856,twin
153,XLearner,,RandomForestRegressor,0.020822636962668,-0.0252002670226969,,0.0021181076912461,44.246113777160645,twin
154,XLearner,,LinearRegression,0.0635559833718422,-0.0252002670226969,,0.0078776719840981,0.3875131607055664,twin
155,XLearner,,LinearRegression,0.0635559833718422,-0.0252002670226969,,0.0078776719840981,0.478471040725708,twin
156,XLearner,,LinearRegression,0.0635559833718422,-0.0252002670226969,,0.0078776719840981,0.4415898323059082,twin
157,XLearner,,LinearRegression,0.0635559833718422,-0.0252002670226969,,0.0078776719840981,0.4874856472015381,twin
158,XLearner,,LinearRegression,0.0635559833718422,-0.0252002670226969,,0.0078776719840981,0.5854239463806152,twin
159,XLearner,,LinearRegression,0.0635559833718422,-0.0252002670226969,,0.0078776719840981,0.4709100723266601,twin
160,XLearner,,LinearRegression,0.0635559833718422,-0.0252002670226969,,0.0078776719840981,0.4869863986968994,twin
161,XLearner,,ElasticNet,-0.0252002670226969,-0.0252002670226969,,1.0833355937178202e-34,0.3504753112792969,twin
162,XLearner,,ElasticNet,-0.0252002670226969,-0.0252002670226969,,1.0833355937178202e-34,0.2672617435455322,twin
163,XLearner,,ElasticNet,-0.0252002670226969,-0.0252002670226969,,1.0833355937178202e-34,0.2901034355163574,twin
164,XLearner,,ElasticNet,-0.0252002670226969,-0.0252002670226969,,1.0833355937178202e-34,0.3300268650054931,twin
165,XLearner,,ElasticNet,-0.0252002670226969,-0.0252002670226969,,1.0833355937178202e-34,0.3771300315856933,twin
166,XLearner,,ElasticNet,-0.0252002670226969,-0.0252002670226969,,1.0833355937178202e-34,0.4363415241241455,twin
167,XLearner,,ElasticNet,-0.0252002670226969,-0.0252002670226969,,1.0833355937178202e-34,0.3352804183959961,twin
168,XLearner,,ElasticNetCV,0.0637082914748272,-0.0252002670226969,,0.0079047317741076,2.0525364875793457,twin
169,XLearner,,ElasticNetCV,0.0637082914748272,-0.0252002670226969,,0.0079047317741076,2.044835090637207,twin
170,XLearner,,ElasticNetCV,0.0637082914748272,-0.0252002670226969,,0.0079047317741076,2.0437891483306885,twin
171,XLearner,,ElasticNetCV,0.0637082914748272,-0.0252002670226969,,0.0079047317741076,2.03350567817688,twin
172,XLearner,,ElasticNetCV,0.0637082914748272,-0.0252002670226969,,0.0079047317741076,2.0551657676696777,twin
173,XLearner,,ElasticNetCV,0.0637082914748272,-0.0252002670226969,,0.0079047317741076,2.087085485458374,twin
174,XLearner,,ElasticNetCV,0.0637082914748272,-0.0252002670226969,,0.0079047317741076,2.0750880241394043,twin
175,XLearner,,Lasso,-0.0252002670226969,-0.0252002670226969,,1.0833355937178202e-34,0.2841103076934814,twin
176,XLearner,,Lasso,-0.0252002670226969,-0.0252002670226969,,1.0833355937178202e-34,0.3054862022399902,twin
177,XLearner,,Lasso,-0.0252002670226969,-0.0252002670226969,,1.0833355937178202e-34,0.2722537517547607,twin
178,XLearner,,Lasso,-0.0252002670226969,-0.0252002670226969,,1.0833355937178202e-34,0.3101778030395508,twin
179,XLearner,,Lasso,-0.0252002670226969,-0.0252002670226969,,1.0833355937178202e-34,0.2882704734802246,twin
180,XLearner,,Lasso,-0.0252002670226969,-0.0252002670226969,,1.0833355937178202e-34,0.2808496952056885,twin
181,XLearner,,Lasso,-0.0252002670226969,-0.0252002670226969,,1.0833355937178202e-34,0.3078172206878662,twin
182,XLearner,,LassoLars,-0.0252002670226969,-0.0252002670226969,,1.0833355937178202e-34,0.2887296676635742,twin
183,XLearner,,LassoLars,-0.0252002670226969,-0.0252002670226969,,1.0833355937178202e-34,0.2870211601257324,twin
184,XLearner,,LassoLars,-0.0252002670226969,-0.0252002670226969,,1.0833355937178202e-34,0.3163447380065918,twin
185,XLearner,,LassoLars,-0.0252002670226969,-0.0252002670226969,,1.0833355937178202e-34,0.290518045425415,twin
186,XLearner,,LassoLars,-0.0252002670226969,-0.0252002670226969,,1.0833355937178202e-34,0.2970142364501953,twin
187,XLearner,,LassoLars,-0.0252002670226969,-0.0252002670226969,,1.0833355937178202e-34,0.2890903949737549,twin
188,XLearner,,LassoLars,-0.0252002670226969,-0.0252002670226969,,1.0833355937178202e-34,0.2947854995727539,twin
189,XLearner,,Ridge,0.0635544932893674,-0.0252002670226969,,0.007877407478052,0.3142309188842773,twin
190,XLearner,,Ridge,0.0635544932893674,-0.0252002670226969,,0.007877407478052,0.3443896770477295,twin
191,XLearner,,Ridge,0.0635544932893674,-0.0252002670226969,,0.007877407478052,0.3257899284362793,twin
192,XLearner,,Ridge,0.0635544932893674,-0.0252002670226969,,0.007877407478052,0.3150002956390381,twin
193,XLearner,,Ridge,0.0635544932893674,-0.0252002670226969,,0.007877407478052,0.2942938804626465,twin
194,XLearner,,Ridge,0.0635544932893674,-0.0252002670226969,,0.007877407478052,0.2930700778961181,twin
195,XLearner,,Ridge,0.0635544932893674,-0.0252002670226969,,0.007877407478052,0.3098316192626953,twin
196,XLearner,,MLPRegressor,0.0262010296267037,-0.0252002670226969,,0.0026420932972396,35.744738817214966,twin
197,XLearner,,MLPRegressor,0.0249223411562855,-0.0252002670226969,,0.0025122758506637,38.898433685302734,twin
198,XLearner,,MLPRegressor,0.0734822839127196,-0.0252002670226969,,0.009738245859121,42.4498188495636,twin
199,XLearner,,MLPRegressor,0.0185475459850778,-0.0252002670226969,,0.0019138711429632,33.66426944732666,twin
200,XLearner,,MLPRegressor,0.0167614937566374,-0.0252002670226969,,0.001760789367702,38.95463442802429,twin
201,XLearner,,MLPRegressor,0.0357740941709665,-0.0252002670226969,,0.0037178727229753,39.403669357299805,twin
202,XLearner,,MLPRegressor,0.0122168602628124,-0.0252002670226969,,0.0014000414143,40.174612045288086,twin
203,XLearner,,DecisionTreeRegressor,0.0221830053473691,-0.0252002670226969,,0.0022451745004958,0.8503048419952393,twin
204,XLearner,,DecisionTreeRegressor,0.0182112051844193,-0.0252002670226969,,0.0018845559191892,0.844468355178833,twin
205,XLearner,,DecisionTreeRegressor,0.0194899434744813,-0.0252002670226969,,0.0019972149142821,0.8437535762786865,twin
206,XLearner,,DecisionTreeRegressor,0.0204373538107344,-0.0252002670226969,,0.002082792435336,0.8306090831756592,twin
207,XLearner,,DecisionTreeRegressor,0.0216452237846957,-0.0252002670226969,,0.0021945000089855,0.8357884883880615,twin
208,XLearner,,DecisionTreeRegressor,0.0235994194994165,-0.0252002670226969,,0.0023814094046565,0.845888614654541,twin
209,XLearner,,DecisionTreeRegressor,0.0167842590366945,-0.0252002670226969,,0.0017627004284317,0.8378875255584717,twin
210,LinearDML,GradientBoostingClassifier,GradientBoostingRegressor,0.0140321347181961,-0.0252002670226969,,0.0015391813463588,528.0986123085022,twin
211,LinearDML,RandomForestClassifier,GradientBoostingRegressor,0.0121325829189607,-0.0252002670226969,,0.0013937416847663,529.0734310150146,twin
212,LinearDML,LogisticRegression,GradientBoostingRegressor,0.0141091327387815,-0.0252002670226969,,0.0015452289096077,525.1379854679108,twin
213,LinearDML,LogisticRegressionCV,GradientBoostingRegressor,0.0158876176734543,-0.0252002670226969,,0.0016882142688042,527.3136591911316,twin
214,LinearDML,MLPClassifier,GradientBoostingRegressor,0.0131243740795502,-0.0252002670226969,,0.001468778115616,559.5383543968201,twin
215,LinearDML,DecisionTreeClassifier,GradientBoostingRegressor,0.0123477320193395,-0.0252002670226969,,0.0014098522320607,530.6735758781433,twin
216,LinearDML,str,GradientBoostingRegressor,0.0247405926081353,-0.0252002670226969,,0.0024940894606664,529.4014320373535,twin
217,LinearDML,GradientBoostingClassifier,RandomForestRegressor,0.0105504261283842,-0.0252002670226969,,0.0012781120607827,2916.021923065185,twin
218,LinearDML,RandomForestClassifier,RandomForestRegressor,0.0105343085813615,-0.0252002670226969,,0.0012769598936021,3175.8964264392853,twin
219,LinearDML,LogisticRegression,RandomForestRegressor,0.0151299663501945,-0.0252002670226969,,0.0016265277239118,3345.405386924744,twin
220,LinearDML,LogisticRegressionCV,RandomForestRegressor,0.010864021370299905,-0.02520026702269693,,0.0013006328972932463,2838.805696964264,twin
221,LinearDML,MLPClassifier,RandomForestRegressor,0.010409832850849232,-0.02520026702269693,,0.001268079213003932,2943.5460057258606,twin
222,LinearDML,DecisionTreeClassifier,RandomForestRegressor,0.010990576952367494,-0.02520026702269693,,0.001309777187627457,2961.1843161582947,twin
223,LinearDML,str,RandomForestRegressor,0.02342765297534761,-0.02520026702269693,,0.00236467460333622,2847.366865873337,twin
224,LinearDML,GradientBoostingClassifier,LinearRegression,8071559.462996983,-0.02520026702269693,,65150072571507.055,41.03515696525574,twin
225,LinearDML,RandomForestClassifier,LinearRegression,-141209013.7564218,-0.02520026702269693,,1.9939985558944308e+16,35.40547251701355,twin
226,LinearDML,LogisticRegression,LinearRegression,88909519.16429569,-0.02520026702269693,,7904902602507349.0,29.98466730117798,twin
227,LinearDML,LogisticRegressionCV,LinearRegression,518.9538189944393,-0.02520026702269693,,269339.22243358893,32.92539119720459,twin
228,LinearDML,MLPClassifier,LinearRegression,461027120.38519424,-0.02520026702269693,,2.1254600575390038e+17,59.61165523529053,twin
229,LinearDML,DecisionTreeClassifier,LinearRegression,-5936054.644103427,-0.02520026702269693,,35236744438601.54,29.864876985549927,twin
230,LinearDML,str,LinearRegression,-553197.7461180505,-0.02520026702269693,,306027718428.62994,30.375529050827026,twin
231,LinearDML,GradientBoostingClassifier,ElasticNet,0.08686855825577681,-0.02520026702269693,,0.012559421599297075,7.497189044952393,twin
232,LinearDML,RandomForestClassifier,ElasticNet,0.026029500531087522,-0.02520026702269693,,0.002624489083614786,6.779232978820801,twin
233,LinearDML,LogisticRegression,ElasticNet,0.16253579226689144,-0.02520026702269693,,0.03524482795758384,2.129972219467163,twin
234,LinearDML,LogisticRegressionCV,ElasticNet,0.16199229601386544,-0.02520026702269693,,0.035041055656197376,4.949514627456665,twin
235,LinearDML,MLPClassifier,ElasticNet,0.023581058066311684,-0.02520026702269693,,0.002379617677439541,31.94794487953186,twin
236,LinearDML,DecisionTreeClassifier,ElasticNet,0.006418773445243037,-0.02520026702269693,,0.0009997637201132252,2.2218244075775146,twin
237,LinearDML,str,ElasticNet,0.05771839892247721,-0.02520026702269693,,0.006875505162127381,2.6931025981903076,twin
238,LinearDML,GradientBoostingClassifier,ElasticNetCV,0.016044599696618134,-0.02520026702269693,,0.0017011390306940633,247.8463671207428,twin
239,LinearDML,RandomForestClassifier,ElasticNetCV,0.01448713149688908,-0.02520026702269693,,0.001575089601252438,229.89832663536072,twin
240,LinearDML,LogisticRegression,ElasticNetCV,0.008749085658381598,-0.02520026702269693,,0.001152558547464254,249.2365174293518,twin
241,LinearDML,LogisticRegressionCV,ElasticNetCV,0.011247389462264171,-0.02520026702269693,,0.001328431663245727,243.67806577682495,twin
242,LinearDML,MLPClassifier,ElasticNetCV,0.011886121505070214,-0.02520026702269693,,0.0013754002140324987,298.568327665329,twin
243,LinearDML,DecisionTreeClassifier,ElasticNetCV,0.009697064852895124,-0.02520026702269693,,0.0012178237720352131,222.78444695472717,twin
244,LinearDML,str,ElasticNetCV,0.023661835973618588,-0.02520026702269693,,0.002387505109222546,269.9278120994568,twin
245,LinearDML,GradientBoostingClassifier,Lasso,0.08024789029766867,-0.02520026702269693,,0.011119313882260572,7.431448936462402,twin
246,LinearDML,RandomForestClassifier,Lasso,0.026150977282541513,-0.02520026702269693,,0.0026369502916962838,6.681441783905029,twin
247,LinearDML,LogisticRegression,Lasso,0.16299232037290398,-0.02520026702269693,,0.03541644995065089,2.121687412261963,twin
248,LinearDML,LogisticRegressionCV,Lasso,0.16294417819309143,-0.02520026702269693,,0.03539833226555678,4.914086103439331,twin
249,LinearDML,MLPClassifier,Lasso,0.029956551175853826,-0.02520026702269693,,0.00304227459378798,31.88825297355652,twin
250,LinearDML,DecisionTreeClassifier,Lasso,0.007395788362619191,-0.02520026702269693,,0.001062502826682596,2.216411590576172,twin
251,LinearDML,str,Lasso,0.057459636853266556,-0.02520026702269693,,0.006832659708783524,2.5910463333129883,twin
252,LinearDML,GradientBoostingClassifier,LassoLars,0.08703559214680325,-0.02520026702269693,,0.012596888083515875,11.572297096252441,twin
253,LinearDML,RandomForestClassifier,LassoLars,0.02543469357245971,-0.02520026702269693,,0.0025638992344730657,10.808980464935303,twin
254,LinearDML,LogisticRegression,LassoLars,0.16037254930489764,-0.02520026702269693,,0.034437270159755146,6.355766534805298,twin
255,LinearDML,LogisticRegressionCV,LassoLars,0.158187161714011,-0.02520026702269693,,0.03363094901866113,8.899807214736938,twin
256,LinearDML,MLPClassifier,LassoLars,0.014696524773777912,-0.02520026702269693,,0.0015917539956512626,35.97559094429016,twin
257,LinearDML,DecisionTreeClassifier,LassoLars,0.011906040557579873,-0.02520026702269693,,0.0013768780622421077,6.370195388793945,twin
258,LinearDML,str,LassoLars,0.05794017068223672,-0.02520026702269693,,0.006912332381767953,6.749072074890137,twin
259,LinearDML,GradientBoostingClassifier,Ridge,0.019666035898118536,-0.02520026702269693,,0.002012985137782374,12.261953830718994,twin
260,LinearDML,RandomForestClassifier,Ridge,0.01816306574779307,-0.02520026702269693,,0.0018803786289642516,11.47018575668335,twin
261,LinearDML,LogisticRegression,Ridge,-0.00013049300675279114,-0.02520026702269693,,0.0006284935692105079,6.936108112335205,twin
262,LinearDML,LogisticRegressionCV,Ridge,0.011782084346441648,-0.02520026702269693,,0.001367694312790426,9.473299980163574,twin
263,LinearDML,MLPClassifier,Ridge,0.024499082847032064,-0.02520026702269693,,0.0024700253774737314,36.39826250076294,twin
264,LinearDML,DecisionTreeClassifier,Ridge,0.021747044118923326,-0.02520026702269693,,0.0022040500234281014,6.998506307601929,twin
265,LinearDML,str,Ridge,0.02607580069786182,-0.02520026702269693,,0.0026292351208833265,7.309382200241089,twin
266,LinearDML,GradientBoostingClassifier,MLPRegressor,0.010747243846913203,-0.02520026702269693,,0.001292223537720739,79.5570867061615,twin
267,LinearDML,RandomForestClassifier,MLPRegressor,0.017179228856746293,-0.02520026702269693,,0.0017960216709957452,212.6314833164215,twin
268,LinearDML,LogisticRegression,MLPRegressor,0.01565260264375792,-0.02520026702269693,,0.0016689569599843469,72.12415599822998,twin
269,LinearDML,LogisticRegressionCV,MLPRegressor,0.015641607184266,-0.02520026702269693,,0.0016680586887373842,97.62807416915894,twin
270,LinearDML,MLPClassifier,MLPRegressor,0.006872403868423714,-0.02520026702269693,,0.0010286562180901377,76.46470427513123,twin
271,LinearDML,DecisionTreeClassifier,MLPRegressor,0.01439926225866844,-0.02520026702269693,,0.0015681227193057132,92.89771389961243,twin
272,LinearDML,str,MLPRegressor,0.026523006972406685,-0.02520026702269693,,0.0026752970727725615,66.57277059555054,twin
273,LinearDML,GradientBoostingClassifier,DecisionTreeRegressor,0.005323039298738058,-0.02520026702269693,,0.000931672228792153,56.04446983337402,twin
274,LinearDML,RandomForestClassifier,DecisionTreeRegressor,0.0091310277259947,-0.02520026702269693,,0.0011786377991215412,54.07962965965271,twin
275,LinearDML,LogisticRegression,DecisionTreeRegressor,0.005020931720568614,-0.02520026702269693,,0.0009133208534799549,44.09539556503296,twin
276,LinearDML,LogisticRegressionCV,DecisionTreeRegressor,0.015385433096285319,-0.02520026702269693,,0.0016471990541479559,53.057624101638794,twin
277,LinearDML,MLPClassifier,DecisionTreeRegressor,0.014223199805770772,-0.02520026702269693,,0.0015542097367752933,75.92815923690796,twin
278,LinearDML,DecisionTreeClassifier,DecisionTreeRegressor,0.01061032007050797,-0.02520026702269693,,0.0012823981479600133,45.6022675037384,twin
279,LinearDML,str,DecisionTreeRegressor,0.022432833265099515,-0.02520026702269693,,0.0022689122430272738,47.662577867507935,twin
280,LinearDML,GradientBoostingClassifier,str,0.013751004972504187,-0.02520026702269693,,0.001517201590044139,220.41909980773926,twin
281,LinearDML,RandomForestClassifier,str,0.016468587543260624,-0.02520026702269693,,0.0017362934408389214,245.67753314971924,twin
282,LinearDML,LogisticRegression,str,0.008764385298602217,-0.02520026702269693,,0.0011535976073067313,228.1772243976593,twin
283,LinearDML,LogisticRegressionCV,str,0.009905728755347,-0.02520026702269693,,0.0012324309395680382,233.92002058029175,twin
284,LinearDML,MLPClassifier,str,0.010826974044482206,-0.02520026702269693,,0.001297962098912639,229.78698778152466,twin
285,LinearDML,DecisionTreeClassifier,str,0.012190812046213409,-0.02520026702269693,,0.0013980927939375046,189.6659824848175,twin
286,LinearDML,str,str,0.023316154092725402,-0.02520026702269693,,0.0023538431178489975,188.53833436965942,twin
287,SparseLinearDML,GradientBoostingClassifier,GradientBoostingRegressor,0.012429063785011064,-0.02520026702269693,,0.0014159665370359219,710.8995180130005,twin
288,SparseLinearDML,RandomForestClassifier,GradientBoostingRegressor,0.013421170598040716,-0.02520026702269693,,0.001491615443892529,591.7696712017059,twin
289,SparseLinearDML,LogisticRegression,GradientBoostingRegressor,0.014408059225127874,-0.02520026702269693,,0.0015688195081541272,655.2681667804718,twin
290,SparseLinearDML,LogisticRegressionCV,GradientBoostingRegressor,0.017007999823282126,-0.02520026702269693,,0.001781537790141375,645.6850860118866,twin
291,SparseLinearDML,MLPClassifier,GradientBoostingRegressor,0.01775526806150045,-0.02520026702269693,,0.0018451779943697121,643.3580377101898,twin
292,SparseLinearDML,DecisionTreeClassifier,GradientBoostingRegressor,0.010782455532806734,-0.02520026702269693,,0.0012947563225063523,780.3449096679688,twin
293,SparseLinearDML,str,GradientBoostingRegressor,0.02479016517370747,-0.02520026702269693,,0.002499043311183306,947.7926392555237,twin
294,SparseLinearDML,GradientBoostingClassifier,RandomForestRegressor,0.007466943176754486,-0.02520026702269693,,0.0010671466222151426,4549.434021472931,twin
295,SparseLinearDML,RandomForestClassifier,RandomForestRegressor,0.011501295229317539,-0.02520026702269693,,0.0013470046717384936,4099.176745891571,twin
296,SparseLinearDML,LogisticRegression,RandomForestRegressor,0.014334510249954403,-0.02520026702269693,,0.0015629986139981482,3051.648136138916,twin
297,SparseLinearDML,LogisticRegressionCV,RandomForestRegressor,0.014101338371117435,-0.02520026702269693,,0.0015446161865310985,3090.001228094101,twin
298,SparseLinearDML,MLPClassifier,RandomForestRegressor,0.013037020823575796,-0.02520026702269693,,0.001462090181838716,3350.2669537067413,twin
299,SparseLinearDML,DecisionTreeClassifier,RandomForestRegressor,0.011232848363889292,-0.02520026702269693,,0.0013273718967723059,3356.1218457221985,twin
300,SparseLinearDML,str,RandomForestRegressor,0.024579355318486346,-0.02520026702269693,,0.002478010800430833,3336.0663545131683,twin
301,SparseLinearDML,GradientBoostingClassifier,LinearRegression,828892433.4018015,-0.02520026702269693,,6.870626661925364e+17,105.22379064559937,twin
302,SparseLinearDML,RandomForestClassifier,LinearRegression,-3183169.126153721,-0.02520026702269693,,10132565525264.822,92.18755984306335,twin
303,SparseLinearDML,LogisticRegression,LinearRegression,29547821.70919947,-0.02520026702269693,,873073769247865.4,87.1433596611023,twin
304,SparseLinearDML,LogisticRegressionCV,LinearRegression,24964684.823639303,-0.02520026702269693,,623235489601880.0,99.53744745254517,twin
305,SparseLinearDML,MLPClassifier,LinearRegression,88462223.62693903,-0.02520026702269693,,7825565013481112.0,204.58678221702576,twin
306,SparseLinearDML,DecisionTreeClassifier,LinearRegression,13560.419406530958,-0.02520026702269693,,183885657.93403643,102.2550208568573,twin
307,SparseLinearDML,str,LinearRegression,-504269.7066953499,-0.02520026702269693,,254287911675.1523,163.06370496749878,twin
308,SparseLinearDML,GradientBoostingClassifier,ElasticNet,0.08163812761844866,-0.02520026702269693,,0.011414442569497165,32.685951232910156,twin
309,SparseLinearDML,RandomForestClassifier,ElasticNet,0.02234453809899786,-0.02520026702269693,,0.002260508494059935,48.50201916694641,twin
310,SparseLinearDML,LogisticRegression,ElasticNet,0.1629306361229665,-0.02520026702269693,,0.03539323671840299,24.241262197494507,twin
311,SparseLinearDML,LogisticRegressionCV,ElasticNet,0.1627493774813459,-0.02520026702269693,,0.03532506886919608,28.707283973693848,twin
312,SparseLinearDML,MLPClassifier,ElasticNet,0.027713017764124267,-0.02520026702269693,,0.0027998157069312433,130.04543662071228,twin
313,SparseLinearDML,DecisionTreeClassifier,ElasticNet,0.011065197185020784,-0.02520026702269693,,0.0013151838942012546,229.10449695587158,twin
314,SparseLinearDML,str,ElasticNet,0.05848655201837597,-0.02520026702269693,,0.007003483681213282,36.9983766078949,twin
315,SparseLinearDML,GradientBoostingClassifier,ElasticNetCV,0.016914468207149237,-0.02520026702269693,,0.0017736509234800462,460.39487075805664,twin
316,SparseLinearDML,RandomForestClassifier,ElasticNetCV,0.01471916645570161,-0.02520026702269693,,0.001593561169236286,488.4586362838745,twin
317,SparseLinearDML,LogisticRegression,ElasticNetCV,0.010156736342355874,-0.02520026702269693,,0.0012501176869563553,320.44758105278015,twin
318,SparseLinearDML,LogisticRegressionCV,ElasticNetCV,0.00900276569408654,-0.02520026702269693,,0.0011698474470253602,366.68742847442627,twin
319,SparseLinearDML,MLPClassifier,ElasticNetCV,0.010348636680075213,-0.02520026702269693,,0.0012637245544689668,352.0802915096283,twin
320,SparseLinearDML,DecisionTreeClassifier,ElasticNetCV,0.01316862325246867,-0.02520026702269693,,0.0014721717409476975,317.03668665885925,twin
321,SparseLinearDML,str,ElasticNetCV,0.022986951262958504,-0.02520026702269693,,0.0023220080061094055,346.38832092285156,twin
322,SparseLinearDML,GradientBoostingClassifier,Lasso,0.08204331606301264,-0.02520026702269693,,0.01150118611306149,37.030537366867065,twin
323,SparseLinearDML,RandomForestClassifier,Lasso,0.025554597282386987,-0.02520026702269693,,0.002576056250627481,70.6812686920166,twin
324,SparseLinearDML,LogisticRegression,Lasso,0.15916578984005988,-0.02520026702269693,,0.03399084292312128,25.809602975845337,twin
325,SparseLinearDML,LogisticRegressionCV,Lasso,0.1604482009642887,-0.02520026702269693,,0.03446535366591482,31.488282680511475,twin
326,SparseLinearDML,MLPClassifier,Lasso,0.029113157786065606,-0.02520026702269693,,0.0029499481144571018,112.77393984794617,twin
327,SparseLinearDML,DecisionTreeClassifier,Lasso,0.009529174014615515,-0.02520026702269693,,0.0012061340747641616,96.35454607009888,twin
328,SparseLinearDML,str,Lasso,0.05840150805648808,-0.02520026702269693,,0.006989256796390639,34.74125099182129,twin
329,SparseLinearDML,GradientBoostingClassifier,LassoLars,0.08959649080706086,-0.02520026702269693,,0.013178295608224056,43.22801446914673,twin
330,SparseLinearDML,RandomForestClassifier,LassoLars,0.023544763908584808,-0.02520026702269693,,0.0023760780404916138,45.30968523025513,twin
331,SparseLinearDML,LogisticRegression,LassoLars,0.1625335835397882,-0.02520026702269693,,0.035243998647017494,29.077064514160156,twin
332,SparseLinearDML,LogisticRegressionCV,LassoLars,0.16361248724564334,-0.02520026702269693,,0.03565025617439665,32.281399965286255,twin
333,SparseLinearDML,MLPClassifier,LassoLars,0.03206677575482284,-0.02520026702269693,,0.00327951418848228,95.43913245201111,twin
334,SparseLinearDML,DecisionTreeClassifier,LassoLars,0.009102240129591283,-0.02520026702269693,,0.001176661996932784,148.65170288085938,twin
335,SparseLinearDML,str,LassoLars,0.05853930172763237,-0.02520026702269693,,0.007012315374491127,38.63349890708923,twin
336,SparseLinearDML,GradientBoostingClassifier,Ridge,0.021203682039138985,-0.02520026702269693,,0.002153326488533462,104.40805959701538,twin
337,SparseLinearDML,RandomForestClassifier,Ridge,0.005308083229199153,-0.02520026702269693,,0.0009307594350923678,62.13737154006958,twin
338,SparseLinearDML,LogisticRegression,Ridge,-0.0019672068358337993,-0.02520026702269693,,0.0005397750856464046,37.45670032501221,twin
339,SparseLinearDML,LogisticRegressionCV,Ridge,0.0006893171869620166,-0.02520026702269693,,0.0006702705705490219,40.594480991363525,twin
340,SparseLinearDML,MLPClassifier,Ridge,0.013461462060919808,-0.02520026702269693,,0.0014947292957349762,78.16124153137207,twin
341,SparseLinearDML,DecisionTreeClassifier,Ridge,0.02076386491556533,-0.02520026702269693,,0.0021127014248379806,50.80227494239807,twin
342,SparseLinearDML,str,Ridge,0.02151264972341347,-0.02520026702269693,,0.0021820965909290415,55.25271272659302,twin
343,SparseLinearDML,GradientBoostingClassifier,MLPRegressor,0.016251879531039296,-0.02520026702269693,,0.001718280453912426,169.55116605758667,twin
344,SparseLinearDML,RandomForestClassifier,MLPRegressor,0.024984068182708395,-0.02520026702269693,,0.0025184675000084846,155.97848105430603,twin
345,SparseLinearDML,LogisticRegression,MLPRegressor,0.021075423790394752,-0.02520026702269693,,0.0021414395602288583,175.53911566734314,twin
346,SparseLinearDML,LogisticRegressionCV,MLPRegressor,0.021880092931087485,-0.02520026702269693,,0.0022165602933779073,130.2345368862152,twin
347,SparseLinearDML,MLPClassifier,MLPRegressor,0.011700958934695662,-0.02520026702269693,,0.0013617004771585449,138.2109751701355,twin
348,SparseLinearDML,DecisionTreeClassifier,MLPRegressor,0.014601412984817728,-0.02520026702269693,,0.0015841737314205924,156.1826777458191,twin
349,SparseLinearDML,str,MLPRegressor,0.027740763271799244,-0.02520026702269693,,0.002802752688642762,117.52309727668762,twin
350,SparseLinearDML,GradientBoostingClassifier,DecisionTreeRegressor,0.008960568357837078,-0.02520026702269693,,0.001166962673895944,171.26390647888184,twin
351,SparseLinearDML,RandomForestClassifier,DecisionTreeRegressor,0.01596254614028476,-0.02520026702269693,,0.0016943771874905387,190.5318603515625,twin
352,SparseLinearDML,LogisticRegression,DecisionTreeRegressor,0.01497240616125102,-0.02520026702269693,,0.0016138436707442904,113.37210750579834,twin
353,SparseLinearDML,LogisticRegressionCV,DecisionTreeRegressor,0.013866231866673432,-0.02520026702269693,,0.0015261913354731756,160.39572525024414,twin
354,SparseLinearDML,MLPClassifier,DecisionTreeRegressor,0.011241451737869643,-0.02520026702269693,,0.0013279988662242297,242.43317103385925,twin
355,SparseLinearDML,DecisionTreeClassifier,DecisionTreeRegressor,0.010334116493312685,-0.02520026702269693,,0.0012626924118628556,180.0431797504425,twin
356,SparseLinearDML,str,DecisionTreeRegressor,0.02137675919244755,-0.02520026702269693,,0.002169419371046256,179.11896991729736,twin
357,SparseLinearDML,GradientBoostingClassifier,str,0.014332176590096274,-0.02520026702269693,,0.0015628140979986743,412.5576431751251,twin
358,SparseLinearDML,RandomForestClassifier,str,0.016479970851493695,-0.02520026702269693,,0.0017372422292491147,407.8674123287201,twin
359,SparseLinearDML,LogisticRegression,str,0.010021706690631337,-0.02520026702269693,,0.0012405874322623876,351.9766719341278,twin
360,SparseLinearDML,LogisticRegressionCV,str,0.010431554442210438,-0.02520026702269693,,0.0012696267009070336,313.59765005111694,twin
361,SparseLinearDML,MLPClassifier,str,0.012838701095967435,-0.02520026702269693,,0.0014469630955327639,495.1760950088501,twin
362,SparseLinearDML,DecisionTreeClassifier,str,0.013559719928266569,-0.02520026702269693,,0.0015023365884388607,318.2199242115021,twin
363,SparseLinearDML,str,str,0.023229829051882207,-0.02520026702269693,,0.0023454742057929657,314.209956407547,twin
364,KernelDML,GradientBoostingClassifier,GradientBoostingRegressor,0.014615442725348373,-0.02520026702269693,,0.0015852907427405898,11.361627578735352,twin
365,KernelDML,RandomForestClassifier,GradientBoostingRegressor,0.013505274250221551,-0.02520026702269693,,0.0014981189252295962,10.546463012695312,twin
366,KernelDML,LogisticRegression,GradientBoostingRegressor,0.013533680301484394,-0.02520026702269693,,0.0015003186753124536,6.1036341190338135,twin
367,KernelDML,LogisticRegressionCV,GradientBoostingRegressor,0.011626041150362145,-0.02520026702269693,,0.0013561769736571178,8.662044048309326,twin
368,KernelDML,MLPClassifier,GradientBoostingRegressor,0.014153225490654045,-0.02520026702269693,,0.0015486973729983715,36.65674901008606,twin
369,KernelDML,DecisionTreeClassifier,GradientBoostingRegressor,0.011783333315475514,-0.02520026702269693,,0.0013677866939736686,6.047984600067139,twin
370,KernelDML,str,GradientBoostingRegressor,0.023501373760434926,-0.02520026702269693,,0.002371849814969212,6.543567895889282,twin
371,KernelDML,GradientBoostingClassifier,RandomForestRegressor,0.00668763623509527,-0.02520026702269693,,0.0010168383741783144,22.20167326927185,twin
372,KernelDML,RandomForestClassifier,RandomForestRegressor,0.010762120809974806,-0.02520026702269693,,0.001293293338627496,21.303006649017334,twin
373,KernelDML,LogisticRegression,RandomForestRegressor,0.014124975479062078,-0.02520026702269693,,0.0015464746978221529,16.91019368171692,twin
374,KernelDML,LogisticRegressionCV,RandomForestRegressor,0.013490607092293596,-0.02520026702269693,,0.0014969837397820437,19.797364950180054,twin
375,KernelDML,MLPClassifier,RandomForestRegressor,0.01328044074680184,-0.02520026702269693,,0.0014807648704415633,47.53283381462097,twin
376,KernelDML,DecisionTreeClassifier,RandomForestRegressor,0.010266397733332237,-0.02520026702269693,,0.0012578843089165613,16.894864320755005,twin
377,KernelDML,str,RandomForestRegressor,0.025916084602546564,-0.02520026702269693,,0.002612881403475533,17.53272771835327,twin
378,KernelDML,GradientBoostingClassifier,LinearRegression,3.1976321741583135e-18,-0.02520026702269693,,0.0006350534580152266,6.143285274505615,twin
379,KernelDML,RandomForestClassifier,LinearRegression,0.0,-0.02520026702269693,,0.0006350534580152263,5.436813831329346,twin
380,KernelDML,LogisticRegression,LinearRegression,0.01907392634111824,-0.02520026702269693,,0.0019602041980164952,0.7526042461395264,twin
381,KernelDML,LogisticRegressionCV,LinearRegression,0.018687754458935387,-0.02520026702269693,,0.0019261584295722197,3.5892601013183594,twin
382,KernelDML,MLPClassifier,LinearRegression,-0.001881063903872788,-0.02520026702269693,,0.0005437852340969776,31.284494400024414,twin
383,KernelDML,DecisionTreeClassifier,LinearRegression,0.015016043107421183,-0.02520026702269693,,0.001617351600481841,0.8110392093658447,twin
384,KernelDML,str,LinearRegression,0.06182014649339906,-0.02520026702269693,,0.007572552368512342,1.0844025611877441,twin
385,KernelDML,GradientBoostingClassifier,ElasticNet,0.08943143582094736,-0.02520026702269693,,0.013140427296833564,6.104304313659668,twin
386,KernelDML,RandomForestClassifier,ElasticNet,0.031980650194512336,-0.02520026702269693,,0.0032696572938013388,5.468522548675537,twin
387,KernelDML,LogisticRegression,ElasticNet,0.16730695850662697,-0.02520026702269693,,0.037059031880997975,0.7105257511138916,twin
388,KernelDML,LogisticRegressionCV,ElasticNet,0.16883300419150604,-0.02520026702269693,,0.03764891033808444,3.4906201362609863,twin
389,KernelDML,MLPClassifier,ElasticNet,0.029279918934322316,-0.02520026702269693,,0.002968090661911397,31.394800424575806,twin
390,KernelDML,DecisionTreeClassifier,ElasticNet,0.008526123455008118,-0.02520026702269693,,0.0011374694146546339,0.7704768180847168,twin
391,KernelDML,str,ElasticNet,0.060420636061037744,-0.02520026702269693,,0.007330939044874286,1.1615114212036133,twin
392,KernelDML,GradientBoostingClassifier,ElasticNetCV,0.0,-0.02520026702269693,,0.0006350534580152263,6.644497632980347,twin
393,KernelDML,RandomForestClassifier,ElasticNetCV,0.0016946089594185342,-0.02520026702269693,,0.0007233343540933712,6.035492897033691,twin
394,KernelDML,LogisticRegression,ElasticNetCV,0.01756854890431847,-0.02520026702269693,,0.0018291716157989258,1.266162395477295,twin
395,KernelDML,LogisticRegressionCV,ElasticNetCV,0.017069835499026995,-0.02520026702269693,,0.0017867615671970513,4.157256126403809,twin
396,KernelDML,MLPClassifier,ElasticNetCV,0.0,-0.02520026702269693,,0.0006350534580152263,31.8284912109375,twin
397,KernelDML,DecisionTreeClassifier,ElasticNetCV,0.013905745585727805,-0.02520026702269693,,0.0015292802221302745,1.3230600357055664,twin
398,KernelDML,str,ElasticNetCV,0.06106941893016969,-0.02520026702269693,,0.007442458714406232,1.5531280040740967,twin
399,KernelDML,GradientBoostingClassifier,Lasso,0.09197202571144752,-0.02520026702269693,,0.01372934618457604,6.123255491256714,twin
400,KernelDML,RandomForestClassifier,Lasso,0.029500301885622665,-0.02520026702269693,,0.0029921522388938197,5.54639744758606,twin
401,KernelDML,LogisticRegression,Lasso,0.16788342331534084,-0.02520026702269693,,0.03728131147455526,0.7750453948974609,twin
402,KernelDML,LogisticRegressionCV,Lasso,0.1669037645743585,-0.02520026702269693,,0.03690395895584246,3.9139301776885986,twin
403,KernelDML,MLPClassifier,Lasso,0.027416945587380056,-0.02520026702269693,,0.0027685710628540445,31.63640308380127,twin
404,KernelDML,DecisionTreeClassifier,Lasso,0.006185852581810998,-0.02520026702269693,,0.0009850885038284768,0.8001508712768555,twin
405,KernelDML,str,Lasso,0.05781834324968135,-0.02520026702269693,,0.006892089651557032,1.1232914924621582,twin
406,KernelDML,GradientBoostingClassifier,LassoLars,0.08866256136317775,-0.02520026702269693,,0.012964743688031148,6.138023376464844,twin
407,KernelDML,RandomForestClassifier,LassoLars,0.0280633013030213,-0.02520026702269693,,0.002837007710788454,5.460549831390381,twin
408,KernelDML,LogisticRegression,LassoLars,0.16751694015779386,-0.02520026702269693,,0.03713992194344821,0.6604223251342773,twin
409,KernelDML,LogisticRegressionCV,LassoLars,0.16628367072935818,-0.02520026702269693,,0.036666098417032916,3.4851272106170654,twin
410,KernelDML,MLPClassifier,LassoLars,0.012052367768978917,-0.02520026702269693,,0.0013877587989219774,31.33776307106018,twin
411,KernelDML,DecisionTreeClassifier,LassoLars,0.008130514973477436,-0.02520026702269693,,0.0011109410284765014,0.7884635925292969,twin
412,KernelDML,str,LassoLars,0.05821666290717554,-0.02520026702269693,,0.006958384198925254,1.093904972076416,twin
413,KernelDML,GradientBoostingClassifier,Ridge,0.000506257146498476,-0.02520026702269693,,0.0006608253848614275,6.120218515396118,twin
414,KernelDML,RandomForestClassifier,Ridge,0.000652327643272707,-0.02520026702269693,,0.0006683566509629217,5.424393892288208,twin
415,KernelDML,LogisticRegression,Ridge,0.017445620982767408,-0.02520026702269693,,0.001818671763774607,0.6464517116546631,twin
416,KernelDML,LogisticRegressionCV,Ridge,0.01772825114814916,-0.02520026702269693,,0.0018428576723446626,3.475013256072998,twin
417,KernelDML,MLPClassifier,Ridge,-3.435310670560872e-05,-0.02520026702269693,,0.0006333232232270857,31.161470890045166,twin
418,KernelDML,DecisionTreeClassifier,Ridge,0.013807117936449266,-0.02520026702269693,,0.001521576081351025,0.7876360416412354,twin
419,KernelDML,str,Ridge,0.06019292687646729,-0.02520026702269693,,0.007291997564300257,1.1313693523406982,twin
420,KernelDML,GradientBoostingClassifier,MLPRegressor,0.018417086431077697,-0.02520026702269693,,0.0019024735223115053,25.831258058547974,twin
421,KernelDML,RandomForestClassifier,MLPRegressor,0.018142082260785914,-0.02520026702269693,,0.0018785592414114257,25.639017343521118,twin
422,KernelDML,LogisticRegression,MLPRegressor,0.008436794952389734,-0.02520026702269693,,0.0011314519383158208,22.705284357070923,twin
423,KernelDML,LogisticRegressionCV,MLPRegressor,0.009880554724374022,-0.02520026702269693,,0.0012306640544497663,26.267174005508423,twin
424,KernelDML,MLPClassifier,MLPRegressor,0.021795363200126778,-0.02520026702269693,,0.002208589260040381,49.89869523048401,twin
425,KernelDML,DecisionTreeClassifier,MLPRegressor,0.01453882860644113,-0.02520026702269693,,0.00157919572142178,20.830132484436035,twin
426,KernelDML,str,MLPRegressor,0.02589816698342445,-0.02520026702269693,,0.0026110499578779417,18.981160163879395,twin
427,KernelDML,GradientBoostingClassifier,DecisionTreeRegressor,0.01012773970924059,-0.02520026702269693,,0.0012480680596518227,6.270314455032349,twin
428,KernelDML,RandomForestClassifier,DecisionTreeRegressor,0.01708798247595662,-0.02520026702269693,,0.0017882960456603722,5.567755937576294,twin
429,KernelDML,LogisticRegression,DecisionTreeRegressor,0.017425088263354226,-0.02520026702269693,,0.0018169209132620895,0.9743678569793701,twin
430,KernelDML,LogisticRegressionCV,DecisionTreeRegressor,0.014392355839989636,-0.02520026702269693,,0.0015675757851469313,4.1490864753723145,twin
431,KernelDML,MLPClassifier,DecisionTreeRegressor,0.015485103495938306,-0.02520026702269693,,0.0016552993742386334,31.440717935562134,twin
432,KernelDML,DecisionTreeClassifier,DecisionTreeRegressor,0.009460050672813997,-0.02520026702269693,,0.0012013376227537477,0.9876651763916016,twin
433,KernelDML,str,DecisionTreeRegressor,0.01765060940058047,-0.02520026702269693,,0.0018361976102429906,1.373138427734375,twin
434,KernelDML,GradientBoostingClassifier,str,1.9718115103988206e-18,-0.02520026702269693,,0.0006350534580152266,6.671505928039551,twin
435,KernelDML,RandomForestClassifier,str,0.0,-0.02520026702269693,,0.0006350534580152263,5.970861434936523,twin
436,KernelDML,LogisticRegression,str,0.017130780694747987,-0.02520026702269693,,0.0017919176008565987,1.183361291885376,twin
437,KernelDML,LogisticRegressionCV,str,2.1365028381067225e-17,-0.02520026702269693,,0.0006350534580152274,4.277297735214233,twin
438,KernelDML,MLPClassifier,str,-4.7541773750848444e-21,-0.02520026702269693,,0.0006350534580152263,32.01442241668701,twin
439,KernelDML,DecisionTreeClassifier,str,0.013517702128781282,-0.02520026702269693,,0.0014990811352148183,1.3360116481781006,twin
440,KernelDML,str,str,0.062322199271674705,-0.02520026702269693,,0.007660182106249418,1.6404597759246826,twin
441,CausalForestDML,GradientBoostingClassifier,GradientBoostingRegressor,0.014624155054170172,-0.02520026702269693,,0.0015859845937564597,25.6572322845459,twin
442,CausalForestDML,RandomForestClassifier,GradientBoostingRegressor,0.013789220030878305,-0.02520026702269693,,0.0015201801007009106,24.809841632843018,twin
443,CausalForestDML,LogisticRegression,GradientBoostingRegressor,0.02386144546445573,-0.02520026702269693,,0.002407051632172031,20.459014415740967,twin
444,CausalForestDML,LogisticRegressionCV,GradientBoostingRegressor,0.021795723954860374,-0.02520026702269693,,0.002208623167962647,23.076723098754883,twin
445,CausalForestDML,MLPClassifier,GradientBoostingRegressor,0.015192953713163634,-0.02520026702269693,,0.0016316122814159556,51.031296491622925,twin
446,CausalForestDML,DecisionTreeClassifier,GradientBoostingRegressor,0.013471837984780842,-0.02520026702269693,,0.0014955317057093874,20.32654047012329,twin
447,CausalForestDML,str,GradientBoostingRegressor,0.026682146922733473,-0.02520026702269693,,0.002691784876804991,20.821510553359985,twin
448,CausalForestDML,GradientBoostingClassifier,RandomForestRegressor,0.012020571500072222,-0.02520026702269693,,0.0013853908203380562,36.908286333084106,twin
449,CausalForestDML,RandomForestClassifier,RandomForestRegressor,0.012802098396055818,-0.02520026702269693,,0.001444179777420415,35.82329201698303,twin
450,CausalForestDML,LogisticRegression,RandomForestRegressor,0.0209840440815812,-0.02520026702269693,,0.0021329905921767486,31.708709239959717,twin
451,CausalForestDML,LogisticRegressionCV,RandomForestRegressor,0.017777553058096796,-0.02520026702269693,,0.0018470930188970764,34.48886704444885,twin
452,CausalForestDML,MLPClassifier,RandomForestRegressor,0.01084012686131715,-0.02520026702269693,,0.0012989099913148796,62.91808462142944,twin
453,CausalForestDML,DecisionTreeClassifier,RandomForestRegressor,0.009127029710811396,-0.02520026702269693,,0.0011783633010303313,31.379933834075928,twin
454,CausalForestDML,str,RandomForestRegressor,0.024911774823739682,-0.02520026702269693,,0.002511216738019014,31.675296306610107,twin
455,CausalForestDML,GradientBoostingClassifier,LinearRegression,0.019908077467775766,-0.02520026702269693,,0.002034762742671159,19.753345251083374,twin
456,CausalForestDML,RandomForestClassifier,LinearRegression,0.013225292123514993,-0.02520026702269693,,0.0014765235956990307,19.063536405563354,twin
457,CausalForestDML,LogisticRegression,LinearRegression,0.03036686478038462,-0.02520026702269693,,0.003087706136821037,13.97789192199707,twin
458,CausalForestDML,LogisticRegressionCV,LinearRegression,0.028315446163315657,-0.02520026702269693,,0.0028639315578075615,17.19292902946472,twin
459,CausalForestDML,MLPClassifier,LinearRegression,0.012157967289809,-0.02520026702269693,,0.0013956376709480952,45.145198345184326,twin
460,CausalForestDML,DecisionTreeClassifier,LinearRegression,0.01088276553171131,-0.02520026702269693,,0.001301985238322485,14.471378564834595,twin
461,CausalForestDML,str,LinearRegression,0.032194096124483436,-0.02520026702269693,,0.003294112921070416,14.513396739959717,twin
462,CausalForestDML,GradientBoostingClassifier,ElasticNet,0.012865059334699924,-0.02520026702269693,,0.0014489690706951314,20.240900993347168,twin
463,CausalForestDML,RandomForestClassifier,ElasticNet,0.012655393222214517,-0.02520026702269693,,0.0014330510125781688,19.62643551826477,twin
464,CausalForestDML,LogisticRegression,ElasticNet,0.025866718848785834,-0.02520026702269693,,0.00260783704599822,15.36435341835022,twin
465,CausalForestDML,LogisticRegressionCV,ElasticNet,0.026427773275411306,-0.02520026702269693,,0.0026654545450230877,17.896164178848267,twin
466,CausalForestDML,MLPClassifier,ElasticNet,0.013251486426788929,-0.02520026702269693,,0.0014785373433400474,45.34563088417053,twin
467,CausalForestDML,DecisionTreeClassifier,ElasticNet,0.0151132871007693,-0.02520026702269693,,0.0016251826460656413,14.961453199386597,twin
468,CausalForestDML,str,ElasticNet,0.03013757866438493,-0.02520026702269693,,0.0030622771652872843,15.381293773651123,twin
469,CausalForestDML,GradientBoostingClassifier,ElasticNetCV,0.02251397473281441,-0.02520026702269693,,0.002276648866303382,20.191882610321045,twin
470,CausalForestDML,RandomForestClassifier,ElasticNetCV,0.014550949845173534,-0.02520026702269693,,0.001580159242476469,19.60532808303833,twin
471,CausalForestDML,LogisticRegression,ElasticNetCV,0.027498248920643956,-0.02520026702269693,,0.0027771335826305534,14.616464614868164,twin
472,CausalForestDML,LogisticRegressionCV,ElasticNetCV,0.028374784846036772,-0.02520026702269693,,0.0028702861827375067,17.812575817108154,twin
473,CausalForestDML,MLPClassifier,ElasticNetCV,0.014567479390525233,-0.02520026702269693,,0.0015814736547863444,45.67985463142395,twin
474,CausalForestDML,DecisionTreeClassifier,ElasticNetCV,0.010548237804299046,-0.02520026702269693,,0.0012779555973657544,14.851491689682007,twin
475,CausalForestDML,str,ElasticNetCV,0.032061752484018845,-0.02520026702269693,,0.003278938877987498,15.427719831466675,twin
476,CausalForestDML,GradientBoostingClassifier,Lasso,0.012801976223276224,-0.02520026702269693,,0.001444170491726112,20.311444759368896,twin
477,CausalForestDML,RandomForestClassifier,Lasso,0.011373265816662117,-0.02520026702269693,,0.0013376233043516745,19.67208433151245,twin
478,CausalForestDML,LogisticRegression,Lasso,0.025548142447976433,-0.02520026702269693,,0.00257540106380313,15.129173517227173,twin
479,CausalForestDML,LogisticRegressionCV,Lasso,0.0249396840441168,-0.02520026702269693,,0.0025140146929824754,17.86875581741333,twin
480,CausalForestDML,MLPClassifier,Lasso,0.011948670059915349,-0.02520026702269693,,0.0013800435263678855,45.47180795669556,twin
481,CausalForestDML,DecisionTreeClassifier,Lasso,0.011378930120852246,-0.02520026702269693,,0.001338037663666636,15.019486427307129,twin
482,CausalForestDML,str,Lasso,0.029090140304231578,-0.02520026702269693,,0.002947448327723813,15.18176531791687,twin
483,CausalForestDML,GradientBoostingClassifier,LassoLars,0.013036943639436915,-0.02520026702269693,,0.001462084279220402,20.13912320137024,twin
484,CausalForestDML,RandomForestClassifier,LassoLars,0.013006121971473753,-0.02520026702269693,,0.0014597281599738868,19.380735397338867,twin
485,CausalForestDML,LogisticRegression,LassoLars,0.024093217830279658,-0.02520026702269693,,0.0024298476489506326,15.117943286895752,twin
486,CausalForestDML,LogisticRegressionCV,LassoLars,0.024617101099584638,-0.02520026702269693,,0.0024817701666309156,17.602089405059814,twin
487,CausalForestDML,MLPClassifier,LassoLars,0.010371842704224928,-0.02520026702269693,,0.0012653749904241688,45.24174785614014,twin
488,CausalForestDML,DecisionTreeClassifier,LassoLars,0.01034978097912913,-0.02520026702269693,,0.001263805912932137,14.765238523483276,twin
489,CausalForestDML,str,LassoLars,0.030364155513661825,-0.02520026702269693,,0.0030874050517990122,15.030608177185059,twin
490,CausalForestDML,GradientBoostingClassifier,Ridge,0.019826910251126213,-0.02520026702269693,,0.0020274466932482956,19.348100900650024,twin
491,CausalForestDML,RandomForestClassifier,Ridge,0.01643591418903269,-0.02520026702269693,,0.0017335715858959866,18.760190725326538,twin
492,CausalForestDML,LogisticRegression,Ridge,0.028281799951468387,-0.02520026702269693,,0.002860331487829104,13.837439775466919,twin
493,CausalForestDML,LogisticRegressionCV,Ridge,0.028604631366161596,-0.02520026702269693,,0.0028949670906353907,16.632107734680176,twin
494,CausalForestDML,MLPClassifier,Ridge,0.01373575618911297,-0.02520026702269693,,0.0015160139035505997,44.35614895820618,twin
495,CausalForestDML,DecisionTreeClassifier,Ridge,0.0120107741392754,-0.02520026702269693,,0.0013846615843579992,14.16639232635498,twin
496,CausalForestDML,str,Ridge,0.03248799416662898,-0.02520026702269693,,0.0033279354790478857,14.53825569152832,twin
497,CausalForestDML,GradientBoostingClassifier,MLPRegressor,0.021145120542716483,-0.02520026702269693,,0.0021478949485883763,41.74753975868225,twin
498,CausalForestDML,RandomForestClassifier,MLPRegressor,0.016247204339726,-0.02520026702269693,,0.0017178928823388684,39.10054922103882,twin
499,CausalForestDML,LogisticRegression,MLPRegressor,0.026296114893044738,-0.02520026702269693,,0.002651877350411926,35.544835567474365,twin
500,CausalForestDML,LogisticRegressionCV,MLPRegressor,0.021656230866007316,-0.02520026702269693,,0.0021955313943941455,36.44564366340637,twin
501,CausalForestDML,MLPClassifier,MLPRegressor,0.014517442688962375,-0.02520026702269693,,0.001577496464739636,62.826361894607544,twin
502,CausalForestDML,DecisionTreeClassifier,MLPRegressor,0.014538410011828963,-0.02520026702269693,,0.001579162452454356,34.93795728683472,twin
503,CausalForestDML,str,MLPRegressor,0.027315141339392994,-0.02520026702269693,,0.0027578681154370645,32.823500871658325,twin
504,CausalForestDML,GradientBoostingClassifier,DecisionTreeRegressor,0.008178484961448487,-0.02520026702269693,,0.0011141410840190915,20.965076684951782,twin
505,CausalForestDML,RandomForestClassifier,DecisionTreeRegressor,0.012799143786136913,-0.02520026702269693,,0.0014439552218185184,20.009438276290894,twin
506,CausalForestDML,LogisticRegression,DecisionTreeRegressor,0.02114674723467362,-0.02520026702269693,,0.002148045730572909,15.589865922927856,twin
507,CausalForestDML,LogisticRegressionCV,DecisionTreeRegressor,0.0135268564591267,-0.02520026702269693,,0.0014997900931764153,18.73490047454834,twin
508,CausalForestDML,MLPClassifier,DecisionTreeRegressor,0.012429455238375506,-0.02520026702269693,,0.0014159959974454502,46.20617127418518,twin
509,CausalForestDML,DecisionTreeClassifier,DecisionTreeRegressor,0.011000931822303588,-0.02520026702269693,,0.0013105267978152668,15.505766868591309,twin
510,CausalForestDML,str,DecisionTreeRegressor,0.023508943055719978,-0.02520026702269693,,0.002372587146463351,16.15118384361267,twin
511,CausalForestDML,GradientBoostingClassifier,str,0.013344817684286988,-0.02520026702269693,,0.0014857235550685653,20.27773427963257,twin
512,CausalForestDML,RandomForestClassifier,str,0.011609643244631256,-0.02520026702269693,,0.0013549694938887532,19.35534930229187,twin
513,CausalForestDML,LogisticRegression,str,0.028434813244990895,-0.02520026702269693,,0.002876721835321316,14.628517627716064,twin
514,CausalForestDML,LogisticRegressionCV,str,0.02836889111945033,-0.02520026702269693,,0.002869654704058382,17.41198992729187,twin
515,CausalForestDML,MLPClassifier,str,0.013251817923646573,-0.02520026702269693,,0.0014785628367208164,45.103808879852295,twin
516,CausalForestDML,DecisionTreeClassifier,str,0.01202239188682159,-0.02520026702269693,,0.0013855263362943587,14.73044753074646,twin
517,CausalForestDML,str,str,0.03083755062419136,-0.02520026702269693,,0.0031402370066259044,15.071437120437622,twin
